id_booking,is_cancelled
47,0
132,0
164,1
171,0
178,0
205,0
232,1
235,0
237,0
240,0
258,0
291,0
317,0
337,0
356,0
357,0
385,0
386,0
408,1
412,0
478,0
499,0
503,0
523,0
533,0
573,0
575,0
583,0
588,0
599,1
655,0
674,1
762,1
810,0
840,0
865,0
895,0
938,0
960,0
963,0
972,1
993,1
1033,0
1085,1
1101,0
1140,1
1155,1
1156,0
1195,1
1223,1
1234,0
1236,0
1237,1
1249,0
1252,0
1288,0
1296,0
1298,1
1309,1
1315,0
1349,0
1408,0
1422,0
1425,0
1427,0
1428,1
1437,0
1439,1
1458,1
1472,0
1487,0
1491,0
1551,0
1591,1
1639,1
1648,0
1649,0
1699,1
1770,0
1789,0
1801,0
1817,1
1863,0
1933,1
1969,0
1981,0
2016,0
2022,1
2023,0
2027,0
2046,0
2057,1
2077,0
2099,0
2103,0
2120,0
2144,0
2166,0
2171,0
2190,1
2201,0
2250,0
2265,0
2295,0
2303,0
2334,0
2356,0
2387,0
2388,1
2425,0
2429,0
2435,0
2465,0
2473,0
2475,1
2476,0
2488,0
2489,0
2518,0
2520,0
2575,0
2583,0
2604,0
2649,1
2671,1
2672,0
2691,0
2697,0
2710,0
2717,0
2774,1
2780,0
2789,1
2816,0
2834,0
2877,0
2908,0
2912,0
2930,0
2933,0
2962,0
2976,0
2994,1
3002,0
3011,1
3015,1
3024,1
3030,0
3031,0
3046,0
3096,1
3135,0
3145,0
3155,0
3157,1
3195,0
3207,0
3232,0
3246,0
3250,0
3252,0
3281,0
3284,0
3332,0
3390,1
3392,1
3425,1
3433,1
3448,0
3478,1
3480,1
3527,0
3549,1
3604,1
3612,1
3650,0
3658,0
3681,0
3698,0
3699,0
3702,0
3708,0
3711,1
3715,1
3719,1
3731,0
3741,0
3766,1
3804,1
3805,0
3867,1
3871,1
3883,0
3947,1
3966,0
3974,1
4031,1
4035,1
4062,1
4089,1
4095,0
4100,1
4104,0
4109,0
4129,0
4156,0
4168,1
4208,1
4212,1
4237,0
4239,0
4271,0
4290,0
4309,1
4323,1
4355,1
4369,0
4398,1
4401,1
4410,0
4419,1
4426,0
4437,1
4462,1
4469,1
4485,1
4539,0
4561,0
4577,0
4580,0
4583,0
4586,0
4587,1
4594,0
4613,1
4619,1
4666,0
4668,0
4699,0
4755,0
4777,1
4787,0
4801,1
4808,0
4823,0
4850,0
4868,0
4877,1
4883,1
4899,1
4953,0
4956,1
4960,0
4995,1
5012,1
5056,0
5080,1
5082,0
5103,0
5115,0
5122,1
5124,0
5152,0
5185,1
5204,1
5209,0
5245,1
5262,1
5287,1
5306,1
5311,1
5337,1
5351,1
5354,1
5439,1
5468,1
5479,1
5484,1
5504,1
5542,1
5552,0
5579,1
5594,0
5604,0
5626,0
5652,1
5654,1
5658,1
5662,1
5680,1
5681,1
5730,1
5735,1
5748,1
5768,0
5792,1
5845,1
5886,0
5903,0
5906,0
5914,0
5917,1
5925,1
5942,1
5956,1
5975,0
5984,0
6006,0
6023,1
6040,0
6083,0
6114,1
6160,0
6189,0
6193,1
6201,1
6215,0
6219,1
6279,1
6337,0
6345,0
6374,0
6393,1
6402,0
6408,0
6445,0
6452,1
6472,1
6491,0
6495,1
6499,0
6501,0
6522,0
6530,0
6552,1
6579,0
6582,0
6644,0
6648,0
6703,1
6754,0
6761,0
6787,1
6794,1
6801,1
6846,0
6858,1
6873,1
6887,1
6909,0
6926,0
6943,1
6950,0
6971,0
6990,1
7027,0
7048,0
7091,0
7099,1
7124,0
7167,1
7201,0
7203,0
7205,1
7222,0
7227,0
7229,1
7234,1
7249,0
7287,1
7299,1
7309,1
7325,1
7377,0
7378,0
7388,1
7405,1
7427,1
7432,0
7441,1
7460,0
7493,0
7497,0
7500,0
7502,1
7509,0
7523,1
7533,0
7534,1
7551,0
7587,0
7598,0
7599,0
7609,1
7669,0
7687,1
7782,1
7786,1
7792,1
7807,1
7830,0
7877,0
7907,0
7908,1
7916,1
7923,0
8004,1
8007,1
8031,1
8073,1
8076,1
8080,0
8094,0
8111,0
8117,0
8141,0
8160,0
8163,0
8194,1
8211,0
8217,0
8225,0
8276,1
8305,0
8309,1
8311,1
8323,1
8348,0
8383,1
8425,0
8442,1
8485,1
8493,1
8496,1
8555,0
8557,0
8559,0
8561,0
8563,0
8571,0
8586,1
8591,1
8642,1
8645,1
8670,1
8686,1
8691,1
8695,0
8726,0
8749,0
8750,0
8780,0
8786,0
8788,0
8790,1
8812,1
8835,1
8845,0
8852,1
8911,0
8921,0
8927,0
8928,1
8979,1
8987,0
8994,1
9029,0
9039,0
9062,1
9078,1
9084,0
9117,0
9154,0
9169,1
9190,1
9233,0
9245,0
9266,1
9276,0
9302,1
9340,0
9364,1
9376,0
9384,1
9449,0
9491,1
9518,1
9523,0
9524,0
9552,0
9555,0
9578,0
9582,0
9613,0
9632,0
9646,0
9686,0
9695,0
9715,0
9722,0
9727,0
9751,1
9771,0
9836,0
9862,0
9867,1
9888,0
9896,0
9927,0
9965,0
9979,0
9983,1
9992,0
9997,0
10010,0
10015,0
10023,0
10027,1
10052,1
10084,0
10093,1
10127,0
10135,0
10150,1
10151,0
10206,0
10218,0
10221,1
10256,1
10260,1
10262,1
10263,0
10287,0
10291,0
10333,0
10346,1
10351,1
10362,1
10383,1
10388,0
10400,0
10408,1
10410,1
10417,1
10418,1
10435,1
10502,1
10524,1
10528,0
10588,0
10596,1
10614,0
10615,0
10628,1
10677,1
10687,1
10692,1
10694,1
10724,1
10740,0
10746,0
10774,1
10782,1
10791,1
10801,0
10816,1
10881,1
10901,1
10909,1
10951,0
10960,0
10986,1
11001,1
11017,0
11034,1
11039,1
11081,1
11100,1
11111,0
11132,1
11172,1
11184,1
11208,1
11289,0
11328,1
11340,0
11347,1
11386,1
11388,1
11391,0
11434,1
11477,1
11516,0
11563,1
11678,1
11681,0
11685,0
11695,1
11705,1
11717,1
11718,0
11726,1
11807,1
11817,1
11830,1
11864,1
11880,0
11882,0
11886,0
11900,1
11918,0
11929,0
11942,0
11991,0
12021,0
12027,0
12030,0
12056,0
12058,1
12105,1
12118,1
12119,0
12152,0
12165,1
12217,1
12230,0
12244,1
12246,0
12247,1
12250,1
12257,0
12258,1
12264,0
12267,0
12302,0
12316,1
12342,1
12370,0
12379,0
12392,0
12409,0
12440,0
12457,0
12466,1
12479,0
12489,0
12517,0
12551,0
12599,0
12628,0
12673,1
12676,0
12717,0
12752,1
12759,0
12781,1
12788,0
12859,1
12870,1
12874,1
12919,1
12932,1
12943,0
12944,0
12951,1
12953,0
12981,0
13022,0
13028,0
13042,1
13046,1
13056,0
13097,0
13106,1
13114,0
13136,0
13171,1
13179,1
13200,1
13209,1
13214,1
13233,1
13261,1
13390,0
13442,0
13450,1
13465,1
13471,1
13495,1
13510,0
13572,0
13622,0
13623,1
13630,1
13693,1
13696,0
13712,0
13753,0
13758,0
13768,0
13780,0
13789,1
13794,0
13801,0
13804,0
13815,0
13865,0
13924,0
13941,0
13957,0
13976,0
14020,0
14057,0
14103,0
14105,0
14106,0
14119,0
14153,0
14176,0
14182,1
14187,0
14214,0
14223,1
14232,0
14260,0
14265,0
14311,0
14312,0
14321,0
14322,0
14368,0
14398,0
14492,0
14494,0
14499,0
14503,0
14510,0
14532,1
14536,0
14540,0
14559,0
14573,0
14615,0
14641,0
14648,1
14683,1
14728,1
14760,1
14765,1
14838,1
14846,1
14850,1
14892,1
14928,1
14955,0
14989,1
15005,1
15013,1
15016,1
15028,1
15111,1
15141,0
15179,1
15180,1
15183,1
15208,1
15215,1
15242,0
15252,1
15274,0
15280,0
15285,0
15307,1
15312,1
15339,1
15359,0
15363,0
15365,0
15371,0
15398,0
15428,0
15453,0
15465,0
15467,0
15477,0
15485,0
15509,0
15569,1
15622,1
15632,0
15651,1
15695,0
15710,1
15724,1
15760,1
15773,0
15782,0
15791,0
15799,0
15800,0
15802,0
15815,1
15830,0
15836,0
15867,0
15993,0
16005,1
16006,0
16007,0
16051,0
16052,0
16053,1
16066,0
16068,0
16081,0
16088,0
16092,0
16093,0
16135,0
16138,0
16156,0
16172,1
16174,1
16188,0
16215,0
16216,0
16225,1
16251,0
16289,0
16319,0
16322,0
16330,1
16331,0
16333,0
16364,1
16392,0
16554,1
16557,1
16564,1
16569,1
16599,0
16630,0
16711,0
16763,0
16784,0
16813,0
16858,0
16860,0
16863,0
16873,0
16875,0
16879,0
16880,0
16909,0
16926,0
16929,0
16939,0
17021,0
17027,0
17062,0
17069,0
17073,0
17076,0
17151,0
17168,1
17170,0
17182,0
17186,0
17206,0
17236,0
17243,1
17246,1
17256,1
17258,1
17278,0
17280,0
17295,0
17311,0
17314,0
17328,0
17336,0
17376,0
17399,1
17402,0
17404,0
17414,0
17471,0
17472,0
17473,0
17552,0
17568,0
17579,1
17596,0
17609,0
17618,0
17632,0
17683,0
17702,0
17708,0
17782,0
17865,0
17867,0
17919,0
17922,0
17936,0
17977,0
17979,0
17985,0
17992,0
18007,0
18036,0
18043,0
18070,0
18103,0
18116,0
18120,0
18194,0
18195,0
18198,0
18231,0
18249,0
18264,0
18281,0
18296,1
18308,0
18350,1
18353,1
18357,1
18361,1
18373,0
18404,0
18438,0
18470,0
18483,0
18518,0
18558,0
18560,0
18575,0
18607,0
18618,0
18657,0
18698,0
18706,0
18738,0
18746,0
18750,0
18756,0
18759,0
18780,0
18787,0
18832,0
18859,0
18860,0
18890,0
18893,0
18900,0
18913,0
18926,0
18963,0
18966,0
18984,1
19013,0
19079,0
19087,0
19142,0
19187,1
19198,1
19261,0
19285,0
19289,0
19299,0
19318,0
19336,0
19353,0
19357,0
19378,0
19437,0
19448,0
19456,0
19489,0
19505,0
19530,0
19568,0
19592,0
19597,0
19600,0
19603,0
19615,0
19635,0
19641,0
19646,0
19682,0
19689,0
19718,0
19743,0
19751,0
19768,0
19773,0
19775,0
19817,0
19823,1
19854,0
19863,0
19869,0
19907,0
19936,0
19956,0
19999,0
20031,0
20099,0
20177,0
20178,0
20189,0
20209,0
20244,0
20247,0
20260,0
20270,0
20309,0
20325,0
20332,0
20349,0
20375,0
20376,0
20398,0
20403,0
20407,0
20422,0
20517,0
20521,0
20541,0
20553,0
20573,0
20574,0
20589,0
20617,0
20631,0
20640,0
20669,0
20674,0
20718,0
20722,0
20775,0
20777,0
20804,0
20836,0
20843,0
20859,0
20907,0
20910,0
20917,0
20920,0
20924,0
20939,0
20962,0
21001,0
21006,0
21009,0
21026,0
21052,0
21061,0
21097,0
21105,0
21116,0
21119,0
21131,0
21148,0
21174,0
21188,0
21247,0
21310,0
21318,0
21358,0
21361,0
21429,0
21438,1
21439,1
21457,0
21477,0
21484,0
21528,0
21538,0
21549,0
21593,1
21631,0
21684,0
21728,0
21769,0
21785,0
21845,0
21857,0
21858,0
21921,0
21940,0
21951,0
21977,0
21985,0
22009,0
22034,0
22040,0
22050,0
22058,0
22074,0
22088,0
22107,0
22122,0
22150,0
22156,0
22169,0
22193,0
22215,0
22224,0
22307,0
22367,0
22401,0
22402,0
22420,0
22443,0
22447,0
22458,0
22489,1
22492,0
22549,0
22550,0
22556,0
22575,0
22588,0
22606,0
22614,0
22622,0
22628,0
22635,0
22636,0
22645,0
22675,0
22682,0
22696,0
22714,0
22732,0
22760,0
22813,0
22834,0
22859,0
22863,1
22933,0
22935,0
22940,0
22943,0
22950,0
22958,0
23013,0
23018,0
23019,0
23027,0
23080,0
23098,0
23158,0
23171,0
23213,0
23221,0
23226,0
23228,0
23231,0
23233,0
23246,0
23251,0
23258,0
23266,0
23310,0
23313,0
23321,0
23330,0
23333,0
23355,0
23356,0
23363,0
23372,0
23374,0
23386,0
23396,0
23410,0
23452,0
23463,0
23464,0
23483,0
23501,0
23539,0
23543,0
23548,0
23553,0
23583,0
23631,0
23687,0
23730,0
23747,0
23838,1
23870,0
23900,0
23931,0
23941,0
23988,0
23993,1
24015,0
24016,0
24025,0
24033,0
24090,0
24092,0
24093,0
24106,0
24111,0
24159,0
24164,0
24235,0
24239,0
24248,0
24249,0
24251,0
24260,0
24297,0
24337,0
24369,0
24373,0
24383,0
24384,0
24412,0
24421,0
24447,0
24465,0
24499,0
24506,0
24543,0
24552,1
24577,0
24593,0
24614,0
24616,0
24640,0
24641,0
24643,0
24652,0
24662,0
24679,0
24690,0
24707,0
24739,0
24755,0
24794,0
24807,0
24891,0
24931,0
24932,0
24939,0
24961,0
24974,1
24995,0
25011,0
25015,0
25034,0
25037,0
25105,0
25116,0
25124,0
25151,0
25204,0
25236,0
25242,0
25247,0
25270,0
25282,0
25290,0
25300,0
25331,0
25351,0
25359,0
25385,0
25404,0
25407,0
25422,0
25423,0
25443,1
25446,0
25447,0
25455,0
25462,0
25486,0
25503,0
25542,0
25566,0
25580,1
25599,0
25621,0
25628,0
25637,0
25700,0
25723,0
25730,1
25733,0
25757,0
25760,0
25803,0
25820,1
25837,0
25842,0
25850,0
25854,0
25894,0
25914,0
25923,0
25932,0
25945,0
25949,1
26046,0
26049,0
26062,0
26082,0
26083,0
26101,0
26119,0
26133,0
26248,0
26290,0
26296,1
26297,0
26349,1
26361,0
26387,0
26436,0
26489,0
26515,0
26544,0
26570,0
26571,0
26584,0
26590,0
26609,0
26629,0
26632,0
26640,0
26658,0
26681,0
26693,0
26695,0
26699,0
26707,0
26718,1
26747,0
26762,0
26764,1
26768,0
26781,0
26802,0
26813,0
26848,0
26946,0
26969,0
26971,0
26975,0
26982,0
26992,0
26998,1
27042,1
27047,0
27071,1
27104,0
27142,0
27145,0
27153,1
27176,0
27184,0
27188,1
27197,0
27211,1
27243,0
27244,0
27256,1
27299,0
27309,1
27311,1
27329,0
27334,1
27339,0
27349,1
27355,0
27359,1
27397,0
27411,0
27419,1
27421,1
27484,0
27507,0
27523,0
27557,0
27579,0
27583,0
27586,0
27603,0
27622,0
27631,0
27633,0
27637,0
27641,0
27642,1
27657,0
27674,0
27708,1
27763,1
27773,0
27778,0
27786,0
27813,1
27833,1
27839,0
27840,0
27849,0
27855,1
27857,0
27862,0
27871,0
27929,0
27938,0
27951,1
27982,0
28018,0
28030,0
28049,0
28055,0
28062,0
28070,0
28074,0
28082,0
28116,0
28135,0
28179,0
28181,0
28217,0
28219,0
28225,0
28229,0
28236,0
28242,0
28248,0
28278,0
28279,0
28281,0
28293,0
28300,0
28344,0
28349,0
28376,0
28391,0
28403,0
28408,0
28471,0
28512,0
28579,0
28595,0
28627,0
28654,0
28674,0
28683,0
28700,0
28705,0
28712,1
28713,0
28756,0
28778,0
28789,0
28814,0
28840,0
28844,0
28848,0
28858,0
28877,0
28885,0
28886,1
28916,0
28933,0
28965,0
29041,0
29155,0
29161,0
29166,0
29186,0
29189,0
29198,0
29213,0
29238,0
29252,0
29253,0
29262,0
29274,0
29277,0
29286,0
29287,0
29298,0
29314,0
29332,0
29348,0
29361,0
29365,0
29382,0
29386,0
29402,0
29411,0
29428,1
29460,0
29501,0
29503,0
29557,0
29585,0
29602,0
29603,0
29604,0
29644,0
29652,0
29658,0
29659,0
29664,0
29706,0
29731,0
29738,0
29793,0
29818,0
29839,0
29843,0
29854,0
29888,0
29891,0
29961,0
29992,0
30008,0
30088,0
30095,0
30096,0
30120,0
30136,0
30153,0
30160,0
30179,0
30189,0
30194,0
30195,0
30205,0
30221,0
30232,0
30255,0
30262,0
30287,0
30333,0
30334,0
30344,0
30377,0
30379,0
30384,0
30407,0
30422,0
30423,0
30427,0
30443,0
30454,0
30463,0
30477,0
30483,0
30501,0
30539,0
30598,0
30609,0
30610,0
30617,0
30640,0
30649,0
30678,0
30682,0
30708,0
30721,0
30746,0
30755,0
30775,0
30803,0
30804,0
30807,0
30824,0
30847,0
30853,0
30873,0
30908,0
30947,1
30994,0
31015,0
31019,0
31078,0
31119,0
31135,0
31140,0
31149,0
31152,0
31159,1
31184,0
31194,0
31202,0
31210,0
31219,0
31258,0
31259,0
31318,0
31324,1
31353,0
31354,0
31358,0
31373,0
31394,0
31401,0
31411,0
31414,0
31418,0
31425,0
31490,0
31529,0
31566,0
31583,0
31660,0
31670,0
31688,0
31697,0
31713,0
31768,0
31811,0
31864,0
31880,0
31927,0
31931,0
31939,0
31940,0
31979,0
32007,0
32008,0
32010,0
32021,0
32050,0
32089,0
32104,0
32110,1
32112,0
32123,0
32125,0
32148,0
32154,0
32164,0
32198,0
32207,0
32239,0
32254,0
32262,0
32271,0
32280,0
32299,0
32358,0
32363,0
32388,0
32393,0
32395,0
32398,0
32424,0
32450,0
32461,0
32480,0
32481,0
32492,0
32505,0
32532,0
32587,0
32591,0
32592,0
32655,0
32667,0
32670,0
32675,0
32681,0
32703,0
32719,0
32728,0
32729,1
32756,1
32762,0
32777,0
32803,1
32829,0
32897,0
32907,0
32943,0
32958,0
32985,0
32991,0
33030,0
33050,0
33072,1
33103,0
33119,0
33127,0
33135,0
33142,0
33144,0
33153,0
33194,0
33208,0
33225,0
33255,1
33269,0
33296,0
33326,0
33368,0
33381,0
33393,0
33400,0
33425,0
33430,0
33471,0
33505,0
33530,0
33532,0
33560,0
33615,0
33626,0
33628,0
33638,0
33670,0
33671,1
33709,0
33713,0
33746,0
33753,0
33778,0
33791,0
33795,0
33807,0
33845,0
33871,0
33923,0
33931,0
33960,0
34011,0
34049,0
34061,0
34115,0
34121,0
34127,0
34135,0
34138,0
34140,0
34141,1
34160,0
34193,0
34250,0
34273,0
34290,0
34293,0
34295,0
34306,0
34316,0
34395,0
34397,0
34400,0
34420,0
34422,0
34435,0
34443,0
34453,0
34463,0
34467,0
34470,0
34481,0
34485,0
34501,0
34531,0
34543,0
34547,0
34670,0
34714,0
34777,0
34794,0
34798,0
34811,0
34926,0
34929,0
34930,0
34934,0
35018,0
35030,0
35042,1
35053,0
35099,0
35100,0
35132,1
35145,0
35159,1
35197,0
35224,0
35253,0
35257,0
35261,0
35272,0
35273,0
35317,1
35330,0
35363,0
35368,0
35371,0
35375,0
35406,0
35418,0
35431,0
35498,0
35502,0
35513,0
35519,0
35532,1
35541,0
35556,0
35557,0
35591,0
35593,0
35605,0
35627,0
35633,1
35646,0
35677,0
35736,0
35764,0
35784,0
35788,0
35793,0
35824,0
35832,0
35841,0
35856,0
35875,0
35934,0
35954,0
35957,1
35958,0
35975,0
36011,0
36017,0
36046,0
36088,0
36090,0
36130,0
36149,1
36155,0
36179,0
36215,0
36222,0
36254,0
36261,0
36306,0
36324,0
36332,0
36372,0
36376,0
36430,1
36441,0
36447,0
36464,0
36528,0
36535,0
36550,0
36565,0
36566,1
36626,0
36642,0
36661,0
36703,0
36737,0
36774,0
36801,0
36817,0
36825,0
36843,0
36850,0
36857,0
36861,0
36874,0
36878,1
36885,0
36901,0
36907,0
36911,0
36919,1
36979,0
37025,0
37030,0
37038,0
37061,0
37065,0
37091,0
37092,0
37096,1
37106,0
37111,0
37136,0
37137,0
37180,0
37184,0
37198,0
37243,0
37260,0
37274,0
37293,0
37377,0
37388,0
37405,0
37410,0
37422,0
37433,0
37436,0
37461,0
37463,0
37485,0
37540,0
37563,0
37577,0
37626,0
37628,0
37641,0
37656,0
37676,0
37677,0
37693,0
37728,0
37738,0
37747,0
37749,0
37779,0
37780,0
37786,0
37793,0
37794,0
37797,0
37835,0
37842,0
37857,0
37859,0
37877,0
37889,1
37903,1
37914,0
37929,0
37934,0
37946,0
37954,0
37970,0
37990,0
37992,0
37996,0
38017,1
38018,1
38054,0
38070,0
38095,1
38109,0
38163,0
38204,0
38211,0
38238,0
38245,0
38275,0
38286,1
38332,0
38337,0
38354,0
38400,0
38485,0
38487,1
38509,0
38513,1
38524,0
38527,0
38531,0
38539,0
38559,0
38580,0
38621,0
38624,0
38634,0
38639,1
38676,0
38685,1
38687,0
38691,0
38704,0
38716,0
38749,0
38760,0
38810,0
38838,0
38844,0
38849,0
38850,0
38876,1
38879,0
38898,1
38919,0
38943,0
38977,0
38997,1
39036,0
39049,0
39061,0
39153,0
39171,0
39182,0
39187,0
39192,0
39193,0
39234,0
39247,1
39296,0
39298,0
39344,0
39353,0
39374,0
39382,1
39398,0
39438,1
39448,0
39455,0
39456,0
39476,0
39480,0
39526,0
39540,0
39541,0
39555,0
39557,0
39590,0
39626,0
39635,1
39640,0
39642,1
39644,0
39671,0
39698,0
39701,0
39732,0
39748,0
39755,0
39759,1
39766,0
39770,0
39789,0
39803,0
39832,1
39836,0
39845,0
39846,0
39860,0
39883,0
39887,0
39895,0
39909,0
39952,0
39975,0
39992,0
39999,0
40014,0
40019,1
40032,0
40036,0
40064,1
40082,0
40127,0
40129,1
40153,0
40158,1
40162,0
40174,1
40180,1
40202,1
40204,1
40205,0
40220,0
40223,0
40243,0
40244,1
40248,1
40257,1
40278,1
40363,0
40381,0
40390,1
40392,0
40393,1
40406,1
40446,0
40447,0
40461,0
40500,0
40503,1
40562,0
40567,1
40579,1
40603,0
40626,1
40639,0
40658,1
40688,0
40765,0
40781,0
40821,1
40824,0
40850,1
40856,1
40865,1
40879,0
40890,0
40898,0
40900,0
40904,0
40926,0
40934,0
40955,0
40974,0
40985,0
41020,0
41117,0
41140,0
41153,0
41160,0
41203,1
41207,1
41214,1
41217,1
41231,1
41241,0
41254,0
41256,0
41264,1
41265,0
41266,0
41272,1
41293,1
41383,1
41390,0
41464,0
41558,1
41593,0
41603,0
41630,0
41668,0
41700,0
41726,0
41761,0
41793,0
41806,0
41835,1
41845,1
41846,0
41910,1
41924,0
41925,0
41927,0
41930,1
41950,1
41956,0
41966,0
41988,0
41993,0
42019,1
42070,1
42075,0
42127,0
42214,0
42222,0
42246,0
42264,1
42283,0
42319,0
42330,0
42333,0
42389,0
42480,0
42482,0
42486,0
42512,0
42518,0
42521,0
42551,0
42552,0
42558,0
42562,0
42569,0
42626,0
42630,0
42685,1
42693,0
42720,1
42740,0
42743,0
42763,0
42797,1
42800,1
42812,0
42853,0
42918,0
42943,0
42969,0
42977,0
42992,0
42993,1
43003,0
43017,0
43051,0
43090,0
43091,0
43109,1
43149,0
43150,0
43176,1
43180,0
43185,0
43187,0
43244,0
43254,0
43261,0
43284,0
43287,0
43289,0
43331,0
43351,0
43357,1
43368,0
43408,0
43546,0
43549,0
43561,0
43569,0
43597,0
43605,1
43654,0
43677,1
43774,0
43775,1
43865,1
43874,1
43893,0
43907,1
43918,1
43955,1
43991,1
43996,0
44004,0
44033,0
44076,0
44083,1
44133,1
44139,0
44188,0
44219,0
44242,0
44243,0
44249,0
44264,0
44267,0
44292,1
44297,0
44302,1
44306,1
44307,1
44326,1
44330,1
44344,0
44400,0
44416,1
44431,1
44442,1
44444,1
44453,1
44472,0
44522,0
44530,0
44535,0
44554,0
44591,0
44601,0
44637,0
44650,0
44673,1
44740,1
44769,0
44772,0
44780,0
44843,0
44883,0
44914,1
44964,1
45026,1
45082,1
45091,1
45105,0
45108,0
45137,0
45149,0
45183,0
45187,0
45200,0
45219,1
45226,1
45262,0
45349,1
45364,0
45400,0
45404,0
45449,0
45479,1
45485,1
45512,0
45539,1
45546,0
45574,1
45611,1
45613,1
45615,1
45632,0
45647,0
45659,0
45660,0
45697,0
45700,0
45715,0
45780,1
45795,1
45803,1
45808,0
45816,1
45829,1
45847,0
45876,0
45902,0
45916,0
45924,0
45934,0
45977,0
46017,0
46067,1
46127,1
46159,0
46171,0
46188,0
46197,0
46198,0
46202,0
46205,0
46228,0
46316,1
46320,1
46333,1
46398,0
46408,1
46409,1
46416,1
46434,0
46480,0
46512,0
46530,0
46587,0
46591,0
46593,0
46616,1
46621,0
46639,0
46641,0
46656,0
46660,0
46679,0
46707,0
46708,0
46710,0
46713,0
46725,0
46729,0
46733,0
46758,0
46781,1
46806,0
46837,0
46839,0
46843,0
46878,0
46921,0
46934,0
46947,1
46950,1
47009,0
47029,0
47031,0
47056,0
47124,0
47168,0
47180,1
47222,0
47258,0
47286,0
47302,0
47329,1
47337,1
47363,1
47371,0
47372,0
47406,0
47408,0
47414,0
47420,0
47475,1
47507,0
47511,1
47517,0
47519,0
47544,1
47569,1
47606,1
47607,1
47615,1
47653,1
47654,1
47673,1
47691,1
47701,1
47720,0
47722,0
47794,0
47801,0
47814,0
47825,1
47828,0
47830,0
47883,0
47894,1
47905,0
47945,0
47956,0
47958,0
47959,0
47990,1
48008,1
48015,0
48036,0
48082,0
48091,1
48095,0
48111,0
48157,0
48166,1
48206,1
48207,0
48219,0
48244,0
48264,1
48278,0
48291,1
48330,0
48363,0
48391,1
48398,1
48416,0
48431,0
48435,0
48450,0
48503,0
48519,0
48523,0
48541,0
48576,0
48589,0
48640,0
48642,1
48657,1
48663,1
48673,1
48681,0
48708,1
48757,1
48793,0
48805,0
48868,0
48874,1
48916,0
48918,0
48924,0
48951,0
48954,0
48980,0
49009,1
49057,0
49063,1
49107,1
49108,1
49142,0
49153,0
49162,1
49177,1
49195,0
49215,0
49218,0
49219,0
49229,0
49276,0
49279,1
49283,0
49323,1
49339,0
49343,0
49400,0
49415,0
49419,0
49432,0
49435,0
49454,0
49514,1
49526,1
49555,0
49566,1
49568,1
49584,0
49590,0
49591,0
49614,0
49627,0
49630,0
49633,1
49644,1
49645,0
49698,0
49718,0
49745,0
49759,1
49943,1
49952,1
49984,0
49987,0
49992,1
50021,1
50025,1
50048,1
50056,1
50069,1
50074,1
50121,0
50144,1
50163,0
50173,0
50194,0
50208,0
50211,1
50215,0
50232,1
50249,0
50331,1
50401,0
50427,0
50445,1
50496,1
50498,1
50576,0
50598,1
50618,1
50626,1
50643,1
50660,1
50687,1
50706,0
50719,0
50748,0
50755,0
50759,1
50769,1
50777,0
50789,0
50801,1
50823,0
50858,1
50859,0
50870,1
50877,1
50891,0
50894,0
50905,0
50910,0
50929,0
50942,0
50954,1
50958,1
50961,0
50964,1
50983,0
50989,0
51011,1
51053,1
51087,0
51106,1
51109,0
51126,1
51129,0
51152,0
51153,1
51189,0
51242,0
51249,1
51261,1
51266,1
51283,1
51289,1
51331,0
51342,0
51354,1
51384,1
51401,1
51407,1
51436,0
51494,1
51516,0
51528,1
51544,1
51553,0
51557,0
51594,0
51599,0
51612,0
51643,0
51661,1
51695,1
51702,1
51705,1
51744,1
51849,0
51858,0
51871,0
51875,0
51890,0
51900,1
51915,0
51923,0
51946,0
51948,0
51963,1
51982,0
51989,0
51995,1
51998,1
52004,0
52014,1
52060,1
52063,1
52112,0
52120,1
52134,1
52152,1
52163,0
52256,1
52298,0
52307,1
52316,1
52335,0
52348,1
52390,1
52453,1
52480,1
52484,1
52502,1
52521,1
52570,1
52583,1
52597,1
52599,0
52620,0
52621,1
52653,1
52686,1
52689,0
52695,1
52740,0
52745,0
52748,0
52770,1
52792,1
52821,1
52841,0
52875,1
52882,1
52893,1
52894,0
52921,1
52937,1
53023,1
53056,1
53067,1
53084,1
53085,1
53092,1
53118,0
53183,1
53274,1
53289,1
53318,1
53369,1
53372,0
53419,0
53443,1
53483,0
53510,0
53573,1
53577,1
53610,0
53627,0
53644,0
53659,0
53668,1
53673,0
53700,0
53703,1
53715,1
53773,0
53803,1
53810,1
53825,0
53842,1
53844,0
53856,1
53859,0
53860,0
53874,1
53904,1
53979,0
53989,0
53992,0
54011,0
54041,1
54058,1
54090,1
54093,1
54099,0
54104,0
54107,1
54117,1
54142,1
54147,1
54212,0
54224,0
54252,1
54264,1
54277,0
54299,0
54367,1
54418,1
54449,0
54494,0
54518,0
54526,0
54527,0
54538,0
54586,0
54617,1
54626,0
54646,0
54681,0
54713,1
54720,0
54739,0
54765,0
54770,1
54773,0
54784,0
54795,1
54800,1
54810,1
54848,1
54849,0
54870,1
54917,0
54933,0
54945,0
55003,0
55021,0
55035,0
55053,1
55064,1
55071,1
55072,0
55092,0
55096,0
55098,0
55111,1
55125,1
55224,0
55264,0
55289,1
55319,1
55347,1
55359,1
55367,1
55425,0
55429,1
55432,0
55443,0
55451,1
55456,0
55475,0
55510,0
55519,0
55520,0
55522,0
55526,1
55528,0
55559,0
55568,0
55576,0
55592,1
55614,0
55691,1
55697,1
55713,1
55747,0
55749,0
55775,0
55802,0
55833,0
55855,0
55873,0
55934,1
55935,1
55940,1
55944,1
55988,0
55999,0
56019,0
56023,0
56037,1
56040,0
56076,0
56107,0
56117,0
56127,0
56135,0
56160,0
56218,1
56221,1
56276,1
56312,1
56338,1
56371,1
56381,1
56390,0
56393,1
56399,0
56420,0
56436,1
56483,1
56492,1
56532,0
56541,0
56550,1
56601,1
56619,1
56620,0
56659,1
56680,0
56748,0
56768,0
56823,1
56828,1
56840,1
56846,1
56860,1
56888,1
56910,0
56964,1
56974,1
57011,1
57016,1
57028,0
57029,1
57038,1
57054,0
57076,0
57102,0
57155,0
57159,0
57206,0
57221,1
57259,1
57273,1
57285,0
57301,1
57302,0
57306,1
57369,0
57370,1
57414,0
57418,0
57430,1
57448,1
57470,1
57479,1
57505,1
57523,1
57526,0
57531,1
57586,1
57623,1
57628,1
57718,0
57720,1
57721,1
57770,1
57781,1
57792,1
57807,1
57820,1
57829,0
57834,0
57866,0
57885,0
57889,1
57921,1
57957,1
57989,1
58045,1
58105,1
58108,1
58199,1
58204,1
58207,0
58209,0
58257,1
58271,1
58283,1
58284,1
58295,1
58296,1
58328,1
58331,1
58345,1
58425,1
58448,1
58452,1
58456,1
58486,1
58521,1
58560,1
58615,1
58620,1
58621,1
58653,1
58668,0
58688,1
58709,0
58717,0
58749,1
58771,1
58810,1
58845,0
58901,0
58910,1
58916,1
58917,1
58932,0
58933,0
58946,1
58981,0
58989,1
59004,1
59014,0
59029,1
59032,1
59044,0
59055,0
59059,1
59120,1
59144,1
59187,1
59232,1
59253,0
59280,0
59290,0
59323,0
59350,1
59383,1
59391,0
59401,1
59435,1
59458,1
59461,0
59472,1
59520,1
59553,0
59556,1
59585,1
59605,0
59617,1
59661,0
59674,1
59683,1
59684,0
59690,0
59712,1
59716,1
59777,0
59783,1
59784,1
59793,1
59802,1
59810,0
59821,1
59843,1
59895,1
59934,0
59998,1
60039,0
60055,1
60101,1
60127,0
60176,0
60178,0
60232,1
60263,1
60278,1
60288,1
60302,1
60328,1
60338,1
60343,1
60410,1
60467,0
60468,0
60500,0
60512,0
60518,0
60559,1
60575,0
60596,0
60620,1
60634,0
60642,0
60663,1
60676,1
60706,0
60707,0
60737,1
60742,1
60766,0
60780,0
60793,0
60802,0
60814,0
60896,1
60900,1
60974,1
60985,1
60992,1
61018,1
61023,0
61025,0
61029,1
61039,0
61053,1
61064,1
61079,0
61101,0
61134,0
61138,0
61158,0
61163,0
61177,1
61184,0
61202,1
61222,0
61239,0
61264,0
61314,0
61353,1
61380,0
61397,1
61412,1
61413,0
61439,0
61461,1
61463,1
61492,1
61517,1
61616,1
61628,0
61650,0
61652,1
61678,0
61701,0
61709,0
61740,1
61745,0
61747,0
61764,0
61782,0
61820,1
61824,1
61828,1
61830,0
61833,1
61924,1
61944,1
61968,1
61972,0
61979,1
62001,0
62014,1
62015,0
62018,0
62083,1
62085,1
62093,0
62116,0
62124,0
62151,0
62167,0
62195,0
62211,0
62220,1
62224,1
62231,0
62249,0
62293,0
62313,1
62314,1
62320,1
62345,0
62398,0
62428,1
62431,1
62448,1
62453,1
62461,1
62501,1
62527,1
62541,0
62564,0
62586,1
62635,1
62648,1
62689,0
62692,0
62708,1
62721,0
62733,0
62774,1
62799,1
62812,1
62825,1
62835,1
62844,1
62876,1
62902,0
62956,1
62974,1
62978,1
62984,1
62989,1
63004,0
63010,1
63029,0
63046,0
63070,0
63074,0
63089,1
63105,0
63131,1
63138,1
63144,0
63155,1
63169,1
63171,1
63190,1
63204,1
63212,1
63216,0
63241,0
63262,1
63278,0
63291,0
63305,0
63312,0
63328,1
63349,1
63384,0
63408,0
63488,1
63534,0
63565,0
63580,0
63609,0
63646,0
63657,1
63673,0
63674,1
63715,0
63723,1
63727,0
63741,0
63782,0
63789,0
63793,0
63806,0
63821,1
63848,1
63849,1
63851,1
63920,0
63964,0
64033,0
64034,0
64040,0
64042,0
64122,1
64151,1
64159,1
64161,1
64183,1
64187,1
64199,1
64241,0
64262,0
64331,0
64332,0
64353,1
64366,0
64431,0
64440,0
64443,1
64531,1
64542,0
64548,0
64617,0
64619,0
64627,0
64688,1
64705,1
64725,1
64751,1
64817,0
64828,0
64841,0
64872,0
64878,1
64884,1
64895,0
64916,0
64938,1
64984,1
64997,0
65029,0
65040,1
65061,0
65080,0
65091,1
65095,1
65096,0
65139,1
65149,1
65167,1
65187,0
65199,0
65213,0
65214,0
65220,1
65221,0
65253,1
65259,0
65287,0
65324,0
65336,1
65382,0
65385,0
65403,1
65429,1
65433,1
65469,1
65490,1
65494,1
65496,1
65505,0
65509,0
65530,1
65531,1
65547,1
65593,1
65605,1
65639,1
65688,1
65703,1
65705,1
65707,1
65723,0
65735,0
65740,0
65751,1
65802,0
65804,1
65814,0
65830,1
65950,0
65960,0
65962,0
65997,0
66049,0
66057,1
66059,1
66062,1
66073,1
66103,0
66114,0
66148,1
66151,1
66217,1
66219,1
66231,1
66234,1
66260,1
66322,1
66326,1
66340,0
66346,0
66349,0
66362,1
66388,1
66456,1
66464,1
66472,1
66482,1
66502,1
66505,1
66536,1
66556,1
66588,0
66619,1
66639,1
66674,0
66676,1
66677,1
66680,0
66682,1
66684,1
66688,0
66697,1
66703,1
66705,1
66712,1
66744,0
66821,1
66834,1
66839,1
66860,1
66885,1
66900,1
66901,1
66908,1
66963,1
66966,1
66968,1
66974,1
66994,0
67064,1
67088,1
67105,1
67130,1
67147,0
67151,0
67158,1
67160,0
67169,0
67203,1
67213,1
67253,0
67260,0
67271,0
67293,0
67311,1
67322,1
67355,0
67383,1
67384,0
67412,1
67427,1
67452,1
67475,1
67501,1
67533,1
67549,0
67565,1
67591,1
67596,1
67620,0
67637,0
67668,0
67672,0
67694,1
67696,1
67697,1
67704,1
67726,1
67727,1
67738,0
67772,0
67777,0
67851,0
67890,1
67951,1
67972,1
67979,0
68022,1
68064,0
68071,1
68079,1
68087,0
68092,1
68093,0
68111,0
68122,1
68126,0
68138,0
68147,0
68151,1
68154,0
68185,1
68229,1
68245,1
68276,1
68317,1
68319,1
68366,0
68373,1
68408,1
68415,1
68424,0
68426,1
68450,0
68474,0
68490,1
68513,1
68560,1
68572,1
68579,1
68631,1
68635,1
68662,1
68665,1
68675,1
68681,1
68687,1
68749,1
68771,1
68773,0
68834,0
68837,1
68839,0
68843,1
68847,0
68882,0
68890,1
68903,0
68912,0
68932,1
68950,0
68967,1
68978,1
68997,0
69013,0
69027,1
69028,1
69040,1
69105,0
69146,1
69189,0
69223,1
69259,1
69283,0
69341,1
69376,1
69396,1
69405,0
69451,1
69464,1
69484,1
69529,1
69570,1
69616,0
69617,1
69623,1
69651,1
69687,0
69711,0
69738,0
69747,0
69787,0
69799,0
69853,1
69866,1
69869,1
69901,1
69902,1
69937,1
69953,1
69959,1
69962,1
69979,1
70003,1
70010,1
70031,0
70041,1
70077,1
70079,0
70084,1
70087,0
70095,1
70158,0
70162,0
70224,1
70227,1
70304,1
70321,0
70348,0
70351,1
70400,1
70437,1
70444,1
70445,0
70459,1
70467,1
70503,1
70507,1
70518,1
70543,0
70557,0
70564,0
70566,0
70582,0
70590,1
70612,1
70626,0
70633,1
70636,1
70648,1
70653,1
70664,0
70665,0
70679,0
70681,1
70691,0
70733,1
70736,1
70765,0
70786,1
70788,1
70801,0
70810,1
70865,0
70866,1
70895,1
70912,0
70941,1
70946,1
70973,0
70977,0
70990,1
71008,0
71015,0
71057,1
71067,1
71070,1
71106,1
71114,0
71136,1
71158,1
71172,0
71178,1
71184,1
71215,1
71227,1
71237,0
71245,0
71259,0
71266,0
71314,0
71316,1
71323,0
71332,1
71354,0
71371,0
71390,0
71393,1
71398,1
71404,1
71412,1
71449,1
71462,0
71470,1
71479,0
71499,1
71505,0
71529,1
71538,0
71600,1
71602,1
71610,0
71639,1
71656,0
71658,1
71668,0
71686,1
71702,0
71744,1
71777,0
71779,0
71803,1
71805,1
71811,1
71831,0
71835,0
71849,1
71933,0
71939,1
71948,1
71949,1
71950,0
71961,0
71973,1
71994,0
72007,0
72045,1
72050,1
72061,0
72073,0
72078,0
72102,0
72107,0
72117,0
72132,1
72135,1
72145,1
72146,1
72151,1
72163,0
72221,1
72231,0
72257,0
72268,1
72281,0
72289,1
72320,1
72342,0
72439,1
72443,0
72459,1
72461,1
72472,0
72485,1
72498,1
72507,0
72509,0
72524,0
72529,1
72559,1
72566,1
72575,0
72607,0
72609,0
72657,1
72695,0
72722,0
72837,0
72881,1
72902,0
72917,0
72923,1
72925,0
72937,1
72972,1
73010,1
73028,1
73051,1
73093,0
73142,1
73156,1
73160,0
73162,1
73169,1
73179,0
73203,0
73215,0
73219,0
73222,0
73254,0
73265,0
73271,0
73274,1
73283,1
73312,0
73313,0
73351,1
73352,1
73391,0
73406,0
73422,1
73453,1
73461,0
73472,1
73510,0
73574,1
73610,0
73614,0
73659,0
73683,0
73700,1
73701,0
73723,1
73743,1
73817,1
73838,1
73845,1
73846,1
73847,1
73853,1
73882,1
73923,1
73924,1
73979,1
73982,1
73986,1
73988,1
73990,1
74007,1
74101,1
74154,1
74204,1
74213,1
74298,1
74332,1
74333,1
74335,1
74358,1
74361,1
74441,1
74470,1
74491,1
74525,1
74529,1
74573,1
74595,1
74596,1
74622,1
74657,1
74702,0
74721,0
74723,0
74725,0
74731,1
74765,0
74792,1
74808,1
74810,1
74814,1
74818,1
74922,1
74924,1
74941,1
74947,1
74983,1
75001,1
75025,1
75037,1
75071,1
75078,1
75094,1
75104,0
75107,1
75147,1
75153,1
75232,1
75243,1
75303,1
75333,1
75335,1
75339,1
75368,1
75376,1
75378,1
75462,1
75463,1
75471,1
75487,1
75619,1
75636,1
75637,1
75658,1
75663,1
75669,1
75686,1
75723,1
75750,1
75759,1
75761,1
75762,1
75768,1
75810,1
75812,1
75814,1
75829,1
75841,1
75882,1
75898,1
75943,1
75945,1
75950,1
75965,1
76002,1
76097,1
76152,1
76155,1
76186,1
76187,1
76202,0
76223,1
76224,1
76225,1
76237,1
76245,1
76285,1
76317,1
76324,0
76349,1
76353,0
76355,0
76359,0
76363,0
76381,0
76429,1
76433,1
76467,1
76474,1
76481,1
76495,1
76534,1
76543,1
76557,1
76569,1
76578,1
76580,1
76610,0
76629,0
76633,0
76658,0
76679,0
76697,0
76701,0
76732,0
76739,0
76757,0
76793,0
76808,0
76830,0
76831,0
76838,0
76863,1
76869,1
76876,1
76933,1
76958,1
76978,0
76986,0
77005,0
77010,0
77012,0
77022,0
77074,0
77080,0
77123,0
77125,0
77146,0
77163,0
77167,1
77168,1
77185,1
77190,0
77255,1
77259,1
77283,0
77287,1
77381,0
77388,0
77405,0
77432,0
77471,0
77472,0
77512,0
77566,0
77573,0
77578,0
77579,0
77619,0
77657,0
77673,0
77688,1
77707,0
77765,0
77767,0
77784,0
77811,0
77836,0
77856,0
77882,0
77887,0
77915,1
77937,0
77953,0
77955,0
77962,0
77977,1
77997,0
78000,1
78003,1
78019,0
78061,0
78063,0
78079,0
78094,0
78102,0
78164,0
78196,0
78227,0
78247,1
78251,1
78270,1
78277,0
78282,0
78293,0
78314,0
78325,0
78329,0
78344,0
78371,0
78374,1
78391,0
78414,0
78467,0
78482,0
78494,0
78507,0
78532,0
78533,0
78548,0
78550,1
78561,0
78604,0
78611,1
78620,0
78627,1
78641,1
78663,0
78697,0
78739,0
78758,0
78805,0
78880,0
78890,0
78916,1
78963,0
78991,1
78995,0
79030,0
79069,0
79074,1
79089,0
79104,0
79111,0
79114,0
79130,0
79162,0
79172,0
79176,0
79202,0
79225,1
79285,0
79287,1
79311,0
79340,0
79342,1
79351,0
79363,0
79372,0
79387,0
79389,0
79396,1
79407,1
79413,1
79416,1
79451,1
79469,0
79470,0
79501,0
79512,0
79513,1
79536,1
79582,0
79588,0
79595,0
79623,0
79672,0
79678,0
79694,1
79714,0
79729,1
79742,0
79744,0
79768,0
79800,0
79822,0
79839,1
79842,1
79859,1
79903,0
79908,0
79925,0
79952,0
79953,0
79970,0
80006,0
80012,0
80029,0
80039,0
80052,0
80057,1
80065,0
80069,0
80074,0
80094,1
80102,1
80112,1
80115,1
80143,0
80151,1
80159,1
80160,1
80167,1
80188,0
80193,0
80201,1
80203,1
80212,0
80226,0
80232,0
80237,0
80250,0
80263,0
80312,1
80339,1
80344,1
80347,1
80350,0
80393,1
80395,1
80440,1
80454,1
80508,1
80562,0
80590,0
80594,0
80604,0
80605,1
80623,1
80627,1
80648,0
80673,0
80686,0
80762,1
80784,1
80862,0
80868,0
80894,0
80909,0
80918,0
80936,0
80944,0
80954,0
80957,1
80990,0
80994,0
81011,1
81109,1
81110,1
81128,1
81154,0
81163,0
81213,0
81249,0
81260,0
81265,0
81276,0
81294,0
81308,0
81361,1
81362,0
81402,0
81412,0
81417,0
81426,0
81453,0
81560,1
81566,1
81571,1
81585,1
81726,1
81757,1
81779,1
81797,1
81806,1
81816,1
81822,1
81863,1
81869,1
81884,1
81885,1
81889,1
81923,1
81937,1
81941,1
81943,1
81946,1
81966,1
81980,1
81981,1
82021,1
82073,0
82084,0
82098,1
82129,1
82136,1
82177,1
82188,0
82189,0
82190,0
82208,0
82210,1
82218,1
82229,1
82231,1
82233,1
82258,0
82262,0
82281,0
82324,0
82361,1
82363,1
82378,1
82412,0
82414,0
82457,1
82464,0
82481,1
82518,0
82526,0
82564,0
82574,0
82576,0
82586,0
82603,0
82632,0
82637,0
82644,0
82671,0
82712,0
82716,0
82732,0
82737,0
82739,0
82741,1
82772,1
82842,1
82869,1
82884,1
82910,0
82919,1
82941,1
82946,0
82963,0
82997,0
83031,0
83051,0
83065,0
83072,0
83075,0
83087,0
83091,0
83126,0
83156,0
83165,0
83174,0
83190,0
83205,0
83223,0
83228,0
83233,0
83257,0
83375,1
83377,1
83379,0
83403,0
83407,0
83411,0
83427,0
83451,0
83458,0
83463,0
83464,0
83469,0
83529,0
83541,0
83542,0
83552,0
83617,0
83653,0
83702,1
83726,0
83732,0
83759,0
83774,0
83817,0
83829,0
83897,0
83911,0
83921,0
83923,0
83945,0
83952,0
83954,0
84024,0
84049,0
84063,0
84068,0
84087,0
84107,0
84120,0
84122,0
84127,0
84132,0
84162,0
84180,0
84181,0
84192,0
84200,0
84208,0
84210,0
84211,0
84240,0
84262,0
84277,0
84310,0
84355,0
84372,0
84377,0
84385,0
84389,0
84405,0
84432,0
84459,0
84486,0
84490,0
84495,0
84532,1
84564,0
84567,0
84570,0
84611,1
84620,0
84629,0
84635,0
84662,1
84668,0
84681,0
84689,1
84693,0
84708,0
84750,0
84773,0
84785,0
84841,1
84847,1
84863,0
84871,0
84880,0
84884,0
84907,0
84922,0
84974,0
84990,0
85002,0
85021,0
85040,0
85072,0
85094,0
85104,1
85106,1
85108,0
85115,0
85116,0
85121,0
85137,0
85236,0
85252,0
85279,0
85304,0
85328,0
85352,0
85353,0
85356,0
85357,0
85382,0
85409,0
85412,0
85463,0
85467,0
85490,0
85506,0
85539,0
85552,0
85562,0
85576,1
85578,0
85590,0
85659,0
85663,0
85707,0
85716,0
85729,0
85734,0
85754,0
85856,0
85889,0
85900,0
85906,0
85909,0
85938,0
85945,0
85948,0
85961,0
85972,0
86031,0
86048,0
86051,0
86082,0
86090,0
86091,0
86121,0
86151,0
86157,1
86168,0
86175,0
86185,0
86200,0
86232,0
86250,0
86251,0
86281,0
86329,0
86330,0
86353,0
86367,0
86376,0
86410,0
86431,0
86451,0
86458,0
86469,0
86504,0
86505,1
86551,0
86560,0
86568,0
86569,0
86571,0
86577,0
86593,0
86600,0
86641,0
86677,0
86708,0
86717,0
86726,0
86733,0
86765,0
86788,0
86803,0
86825,0
86834,0
86841,0
86851,0
86933,0
87000,0
87075,0
87096,0
87114,0
87115,0
87143,0
87146,0
87169,0
87198,0
87211,0
87212,0
87223,0
87263,0
87268,0
87294,0
87295,0
87371,1
87405,0
87423,0
87450,1
87464,0
87471,0
87475,1
87528,0
87530,0
87572,0
87646,1
87647,1
87652,0
87653,0
87659,0
87667,0
87683,0
87697,0
87698,0
87709,0
87718,0
87763,0
87797,0
87883,0
87923,0
87933,1
87944,0
87946,0
87958,0
87962,0
87969,0
87971,0
87983,0
87987,1
87990,0
88013,1
88055,0
88058,0
88075,0
88080,0
88120,0
88215,0
88274,0
88288,0
88307,0
88323,0
88325,0
88381,0
88398,0
88427,0
88456,0
88469,0
88475,0
88484,0
88503,1
88538,1
88556,0
88572,0
88584,0
88613,0
88627,0
88669,0
88677,0
88691,0
88755,0
88760,0
88784,0
88868,0
88871,0
88887,0
88897,1
88908,0
88916,0
88999,0
89005,0
89015,0
89017,0
89034,0
89039,0
89041,1
89050,0
89062,0
89068,1
89077,0
89106,0
89109,0
89116,0
89125,0
89136,1
89151,0
89154,0
89177,0
89200,0
89201,0
89204,0
89214,0
89218,0
89283,0
89288,0
89309,0
89389,0
89401,0
89428,0
89441,0
89461,0
89469,0
89481,0
89483,0
89485,0
89547,0
89646,0
89658,0
89677,0
89702,0
89710,0
89749,0
89752,0
89768,0
89867,1
89896,0
89915,0
89939,0
89944,0
89979,1
90039,0
90053,0
90063,0
90073,0
90093,0
90111,0
90114,0
90176,0
90217,0
90240,0
90261,0
90271,0
90337,0
90362,0
90375,0
90385,0
90412,1
90451,0
90480,1
90500,0
90508,0
90546,0
90557,0
90563,0
90577,0
90608,0
90631,0
90639,0
90640,0
90666,0
90707,0
90711,0
90719,0
90740,0
90784,0
90800,0
90818,0
90823,0
90830,0
90831,0
90836,0
90839,0
90871,0
90884,0
90969,0
90997,0
91005,0
91031,0
91080,0
91083,0
91125,0
91143,0
91146,0
91164,0
91166,0
91208,0
91251,0
91262,0
91310,0
91352,0
91357,0
91388,0
91402,0
91465,0
91493,0
91510,0
91535,0
91548,0
91603,0
91618,0
91633,0
91652,0
91667,0
91680,0
91690,0
91698,0
91699,0
91705,0
91714,0
91724,0
91725,0
91757,0
91760,0
91762,0
91775,0
91789,0
91793,0
91798,0
91805,0
91835,0
91869,0
91929,0
91943,0
91954,0
91972,0
92010,1
92012,0
92026,0
92036,0
92043,0
92082,0
92085,0
92093,0
92117,0
92120,0
92121,0
92136,0
92168,0
92185,0
92199,0
92206,1
92209,0
92216,0
92225,0
92275,1
92302,0
92328,0
92336,0
92364,0
92368,0
92403,1
92426,0
92458,0
92459,0
92525,0
92526,0
92556,0
92637,0
92638,0
92645,0
92654,0
92676,1
92685,1
92692,0
92695,0
92707,0
92730,0
92737,0
92738,0
92740,0
92752,0
92755,0
92812,0
92891,0
92934,1
92964,0
92979,1
92984,0
92985,0
93030,0
93078,0
93081,0
93093,1
93126,0
93152,1
93158,0
93194,0
93197,0
93208,0
93211,0
93231,0
93243,0
93316,0
93330,1
93336,0
93447,0
93456,0
93469,0
93482,0
93522,0
93523,0
93528,0
93579,0
93635,0
93670,0
93675,1
93684,1
93740,0
93854,0
93970,0
94009,0
94016,0
94041,0
94069,0
94075,1
94084,0
94085,0
94116,0
94136,0
94216,1
94237,0
94281,0
94328,0
94335,0
94348,0
94349,0
94387,0
94399,0
94410,0
94422,0
94428,0
94439,0
94449,1
94462,0
94480,0
94494,0
94497,0
94500,0
94521,0
94538,0
94585,0
94610,0
94620,0
94642,0
94651,0
94656,0
94665,0
94667,0
94696,0
94713,0
94725,0
94738,0
94809,0
94838,0
94867,0
94877,0
94878,0
94883,0
94918,0
94932,0
94972,0
94978,0
94985,0
94987,0
94995,1
95002,0
95014,0
95030,0
95043,0
95067,0
95088,0
95091,1
95103,1
95122,0
95132,0
95152,0
95176,0
95189,0
95194,0
95248,0
95289,0
95299,0
95311,1
95356,0
95392,0
95400,0
95478,0
95496,0
95500,0
95528,0
95545,1
95553,0
95574,0
95575,0
95582,0
95589,0
95593,0
95620,1
95710,0
95716,0
95756,0
95763,0
95798,1
95802,0
95823,0
95864,0
95938,1
95950,0
95976,0
96020,0
96056,0
96059,0
96107,0
96109,0
96142,0
96152,0
96159,0
96164,0
96195,0
96205,0
96272,1
96295,0
96300,0
96316,0
96351,0
96360,0
96376,0
96379,0
96386,0
96387,0
96424,0
96430,0
96434,0
96438,0
96459,0
96460,0
96467,0
96482,0
96565,0
96593,0
96595,0
96615,0
96623,0
96629,0
96705,0
96717,0
96753,0
96765,0
96775,0
96803,0
96813,0
96845,0
96857,0
96869,0
96873,0
96882,0
96901,0
96903,0
96962,1
96973,0
96981,0
96997,0
97033,0
97045,0
97074,0
97101,0
97104,0
97110,0
97116,0
97117,0
97120,0
97121,0
97122,0
97148,0
97157,0
97184,0
97226,0
97242,0
97253,0
97280,0
97304,0
97324,0
97331,0
97357,1
97431,0
97526,0
97527,0
97538,0
97540,0
97586,0
97621,0
97651,0
97658,0
97660,0
97661,0
97664,0
97675,0
97708,0
97724,0
97729,0
97735,0
97743,0
97751,0
97753,0
97775,0
97796,0
97799,0
97813,0
97888,0
97890,0
97897,0
97945,1
97966,0
97976,0
98016,0
98020,0
98047,0
98048,0
98078,0
98082,0
98121,0
98126,0
98138,0
98225,1
98251,0
98264,0
98274,0
98304,0
98329,0
98354,0
98360,0
98382,0
98509,0
98521,0
98557,0
98558,0
98566,0
98577,0
98591,0
98634,0
98660,0
98668,0
98677,0
98681,0
98762,0
98785,0
98834,0
98839,0
98842,0
98844,0
98859,0
98886,0
98933,0
98935,0
98984,0
98987,0
99025,0
99083,0
99090,0
99097,0
99163,0
99190,0
99222,0
99238,0
99320,0
99323,1
99353,0
99367,1
99373,0
99376,0
99420,0
99440,0
99451,0
99456,0
99500,0
99538,0
99558,0
99573,1
99608,0
99707,0
99711,0
99728,0
99739,0
99743,0
99753,0
99790,0
99796,0
99800,0
99829,0
99834,0
99848,1
99853,0
99862,0
99864,0
99865,0
99907,1
99939,1
99943,0
99975,0
100002,0
100006,0
100008,0
100021,0
100045,0
100059,0
100063,0
100078,0
100092,0
100132,0
100149,1
100220,0
100243,0
100271,1
100282,0
100284,0
100296,0
100300,0
100316,0
100321,0
100325,0
100339,0
100351,0
100359,0
100434,0
100465,0
100481,0
100497,0
100500,0
100536,0
100573,0
100583,1
100602,0
100603,0
100620,0
100668,0
100672,0
100709,0
100771,0
100774,0
100782,0
100791,0
100792,0
100811,0
100816,0
100824,0
100826,0
100845,0
100857,0
100937,0
100951,0
100960,0
100988,0
101024,1
101026,0
101030,0
101051,0
101082,0
101129,0
101162,0
101206,0
101231,0
101290,0
101298,0
101321,0
101359,0
101360,0
101377,0
101384,0
101385,1
101402,0
101407,0
101420,0
101427,0
101457,0
101479,0
101526,0
101534,0
101542,0
101570,0
101572,0
101582,0
101601,0
101606,0
101607,1
101612,0
101646,0
101648,0
101660,0
101688,0
101707,0
101731,0
101734,0
101758,0
101774,0
101777,0
101811,0
101849,0
101853,0
101883,0
101935,0
101950,0
101952,0
101959,0
101972,0
101982,0
102017,0
102028,0
102097,0
102104,0
102106,0
102125,0
102186,0
102191,1
102219,0
102288,0
102307,1
102312,0
102325,0
102334,0
102345,0
102349,0
102381,0
102388,0
102395,1
102405,0
102475,0
102492,0
102527,0
102558,0
102600,0
102606,0
102611,0
102617,0
102621,0
102638,0
102662,0
102694,0
102757,0
102765,0
102787,0
102801,0
102848,0
102851,0
102867,0
102872,0
102899,0
102900,0
102917,0
102923,0
102925,0
103004,0
103009,0
103020,0
103052,0
103059,0
103064,0
103075,1
103082,0
103115,0
103123,0
103129,0
103136,0
103155,0
103177,0
103180,0
103182,0
103193,0
103201,0
103216,0
103222,0
103245,0
103249,0
103284,0
103293,0
103298,0
103307,0
103311,0
103314,0
103316,0
103375,0
103389,0
103436,0
103442,0
103506,0
103537,1
103559,0
103594,0
103620,0
103621,0
103654,0
103681,0
103699,0
103724,0
103728,0
103730,0
103750,0
103756,0
103761,0
103906,1
103915,0
103918,0
103922,0
103923,0
103951,0
103963,0
103988,0
103989,0
104049,0
104092,0
104120,0
104148,0
104160,0
104174,1
104200,0
104209,0
104211,0
104214,0
104221,1
104288,0
104297,0
104298,1
104333,0
104335,0
104339,0
104359,0
104365,0
104400,1
104402,0
104409,0
104416,0
104432,0
104447,0
104452,0
104468,0
104490,0
104495,0
104529,0
104532,0
104545,0
104565,0
104598,0
104607,0
104623,0
104671,0
104700,0
104717,0
104737,1
104742,0
104758,0
104769,0
104781,0
104789,0
104799,0
104807,0
104854,0
104856,0
104882,0
104958,0
104978,0
105025,0
105034,0
105042,1
105043,0
105055,0
105056,0
105085,0
105087,0
105113,0
105125,0
105132,0
105190,0
105209,0
105279,0
105296,0
105328,0
105380,0
105393,0
105424,0
105438,0
105458,0
105483,0
105505,0
105509,0
105520,0
105528,0
105539,0
105543,0
105619,0
105666,0
105677,0
105718,0
105738,0
105743,0
105769,0
105808,0
105813,0
105837,0
105856,0
105892,0
105916,0
105925,0
106003,0
106013,0
106025,0
106097,0
106110,0
106122,0
106132,0
106135,0
106156,0
106172,0
106185,0
106194,0
106196,0
106208,0
106221,0
106233,0
106236,1
106237,1
106249,0
106267,0
106308,0
106323,0
106327,0
106342,0
106372,0
106391,0
106392,0
106427,0
106439,0
106465,0
106471,0
106508,0
106522,0
106527,0
106533,0
106567,0
106568,0
106592,0
106695,0
106696,0
106701,0
106706,0
106763,0
106772,1
106782,0
106788,0
106803,0
106806,0
106810,0
106825,0
106843,0
106846,0
106851,0
106868,0
106872,0
106880,0
106952,0
107001,0
107005,0
107022,0
107026,0
107049,0
107093,0
107133,0
107138,0
107148,1
107156,0
107201,0
107227,0
107233,0
107240,0
107291,0
107307,0
107319,0
107323,0
107334,0
107340,0
107348,0
107357,0
107363,0
107445,0
107454,0
107474,0
107492,0
107501,0
107515,1
107535,0
107600,0
107708,0
107716,0
107754,1
107792,0
107808,0
107811,0
107840,0
107858,0
107883,0
107887,0
107891,0
107900,0
107920,0
107951,0
107970,1
107975,0
107991,0
108039,1
108095,0
108102,0
108106,0
108109,0
108121,0
108124,0
108125,0
108137,0
108142,0
108155,0
108158,0
108166,0
108169,0
108248,0
108261,0
108297,0
108307,0
108309,0
108312,0
108325,0
108349,0
108355,0
108383,0
108431,0
108473,0
108499,0
108510,0
108511,0
108523,0
108527,0
108531,0
108540,0
108567,0
108596,0
108616,0
108625,0
108665,0
108676,0
108688,0
108704,1
108708,0
108726,0
108727,0
108758,0
108767,1
108770,0
108772,0
108787,0
108795,0
108855,1
108875,0
108890,0
108897,0
108900,0
108912,0
108960,0
108963,0
108998,0
109069,0
109072,0
109095,0
109111,0
109124,0
109150,0
109167,0
109169,0
109187,0
109285,0
109295,0
109312,0
109340,0
109362,0
109376,0
109377,0
109385,0
109387,0
109413,0
109458,0
109500,0
109509,0
109545,0
109549,0
109665,0
109675,0
109721,0
109734,0
109735,0
109755,0
109758,0
109812,0
109817,0
109912,0
109917,0
109933,0
109937,0
109988,1
110020,0
110037,1
110043,0
110051,0
110074,0
110079,0
110140,0
110150,0
110183,0
110189,0
110220,0
110227,0
110269,0
110271,0
110280,0
110286,0
110324,0
110333,0
110366,0
110396,0
110398,0
110424,1
110488,1
110502,0
110504,0
110560,0
110619,0
110640,0
110650,0
110659,0
110670,0
110684,0
110699,0
110702,0
110786,1
110827,0
110834,0
110843,0
110848,0
110890,0
110897,0
110932,0
110946,0
110951,0
110963,0
110975,0
111035,0
111039,0
111040,0
111051,0
111071,0
111072,0
111099,1
111146,0
111154,0
111198,0
111262,0
111309,0
111327,0
111346,1
111359,0
111362,0
111385,0
111393,0
111409,0
111419,0
111437,1
111486,0
111505,0
111530,0
111535,0
111543,0
111575,0
111592,0
111674,0
111676,1
111683,0
111695,0
111715,0
111726,0
111777,0
111827,0
111831,0
111843,0
111865,0
111887,0
111905,0
111926,0
111928,0
111933,0
111944,0
111951,0
111962,0
111964,0
111978,0
112021,0
112046,0
112080,0
112081,0
112105,0
112110,0
112127,0
112133,0
112142,0
112154,0
112176,1
112178,1
112193,0
112208,0
112218,1
112228,0
112232,0
112235,0
112254,0
112265,0
112275,1
112285,0
112300,0
112302,0
112319,0
112357,0
112358,0
112369,0
112386,0
112397,0
112448,0
112479,0
112514,0
112525,0
112533,1
112536,0
112552,0
112554,1
112574,0
112575,1
112578,0
112583,0
112586,0
112589,0
112597,1
112614,0
112619,0
112621,0
112633,0
112645,0
112650,1
112654,1
112671,0
112731,1
112771,0
112824,0
112833,0
112850,1
112873,0
112886,0
112898,0
112934,0
112944,0
113007,0
113055,0
113084,0
113093,0
113113,0
113118,0
113189,0
113307,0
113325,0
113353,0
113389,0
113419,0
113423,0
113449,0
113465,0
113468,0
113471,0
113518,0
113535,0
113545,0
113556,0
113575,0
113577,0
113583,0
113594,0
113653,0
113676,0
113692,0
113712,0
113715,0
113792,0
113798,0
113799,0
113812,0
113856,1
113858,0
113887,1
113980,0
113983,0
113989,0
113993,0
114046,0
114083,0
114089,0
114139,0
114153,0
114156,0
114183,0
114186,0
114216,0
114225,0
114239,0
114247,0
114252,1
114256,1
114280,0
114339,0
114377,0
114383,0
114412,0
114438,0
114439,0
114489,0
114506,0
114564,0
114572,0
114589,0
114596,0
114634,1
114644,0
114690,0
114724,0
114767,0
114819,0
114825,0
114851,0
114864,0
114883,0
114904,0
114908,0
114926,0
114943,0
114977,0
114997,0
114998,0
114999,0
115001,0
115020,0
115023,0
115048,0
115066,0
115112,1
115118,0
115120,0
115145,0
115151,0
115154,0
115187,0
115188,0
115213,0
115224,0
115232,0
115238,0
115274,0
115277,0
115304,0
115341,0
115344,0
115399,0
115401,0
115440,0
115460,1
115470,0
115483,0
115487,1
115493,0
115510,0
115528,0
115537,0
115540,0
115546,0
115554,0
115596,0
115624,1
115642,1
115661,0
115683,0
115692,0
115734,0
115739,1
115784,0
115786,0
115790,0
115798,0
115813,0
115840,0
115893,0
115898,0
115904,0
115908,0
115911,0
115930,0
115952,0
115986,0
115987,1
116013,0
116036,0
116038,0
116048,0
116065,0
116094,0
116103,0
116107,0
116178,0
116185,0
116186,1
116187,0
116232,0
116240,0
116275,0
116278,0
116339,0
116352,1
116359,0
116381,0
116405,0
116432,0
116451,1
116453,0
116456,0
116482,0
116489,0
116495,0
116513,1
116532,0
116570,0
116628,0
116673,0
116686,0
116689,0
116713,0
116779,0
116784,0
116790,0
116798,0
116836,0
116845,0
116895,0
116902,0
116929,0
116935,0
116946,0
116998,1
117003,0
117009,0
117036,0
117045,0
117047,0
117061,1
117070,0
117130,0
117132,1
117147,0
117175,0
117203,0
117234,0
117254,0
117256,0
117280,0
117305,0
117321,0
117360,0
117387,1
117416,0
117430,0
117450,0
117451,0
117455,0
117466,0
117480,0
117484,0
117489,0
117529,0
117536,0
117543,0
117555,0
117578,0
117583,0
117607,0
117613,0
117633,0
117658,0
117663,0
117690,0
117707,0
117757,0
117780,0
117849,0
117859,0
117896,0
117897,0
117924,0
117987,0
118013,1
118081,0
118163,0
118178,1
118183,0
118204,0
118209,0
118213,0
118214,0
118238,0
118254,0
118280,0
118286,0
118331,0
118357,1
118360,0
118362,0
118401,0
118420,0
118421,0
118423,1
118431,0
118475,1
118493,0
118509,0
118543,0
118561,0
118562,0
118574,0
118580,0
118594,1
118622,0
118669,0
118746,0
118783,1
118791,0
118809,0
118839,1
118876,0
118894,0
118899,0
118921,0
118922,0
118935,0
118953,1
118987,0
118989,0
119002,0
119014,0
119078,0
119080,0
119087,0
119093,0
119106,0
119160,0
119169,0
119181,0
119213,0
119219,0
119278,0
119299,0
119344,0
119345,0
119356,0
119373,0
